About Me,Background
About Me,Building Rapport
About Me,Biography
About Me,Education
About Me,Training
First Steps,First Steps
First Steps,Culture
First Steps,JobSpecific
First Steps,Military
First Steps,Misconceptions
Leadership Strategies,Leadership Strategies
Leadership Strategies,Leading a Team
Family Stability,Balancing Family
Family Stability,Benefits
Family Stability,Finance
Family Stability,Lifestyle
Moving,Relocating
Challenges,Challenges
Challenges,Failure
Challenges,Risk
Casualties and Suicide,Casualties and Suicide
Sexual Misconduct,Sexual Misconduct
Career Mentoring,Career Mentoring
Career Mentoring,Advice
Career Mentoring,Admin and Evals
Career Mentoring,Future
Career Mentoring,Impact
Miscellaneous,Miscellaneous
Miscellaneous,Priorities
Miscellaneous,Motivation
Miscellaneous,OTHER