Advice,What Does it Take?
Background,About Me
Benefits,Lifestyle
Challenges,Challenges
Colleagues,Who Does it?
Combat,Challenges
Conflict,Challenges
Culture,Who Does it?
Decisions,About the Job
Demographics,Who Does it?
Education,What Does it Take?
Ethics,Challenges
Failure,Challenges
Fit,What Does it Take?
Future,Learning More
Growth/learning,Lifestyle
Impact,Lifestyle
Jargon,Other
JobSpecific,About the Job
Lifestyle,Lifestyle
Management,Who Does it?
Mentor,Learning More
Military,About the Job
Miscellaneous,Other
Misconceptions,About the Job
Money,Lifestyle
Motivation,About the Job
Opportunities,About the Job
Priorities,Who Does it?
Project,Other
Recognition,Lifestyle
Resources,Learning More
Risk,Challenges
Skills,What Does it Take?
STEM,About the Job
Training,What Does it Take?
Travel,About the Job
Negative,
Positive,
Navy,