About Me,Education
About Me,Personal
About Me,Professional Background
About Psychology,Discipline
About Psychology,Education
About Psychology,Employment
About the Job,Challenges
About the Job,Job Specific
About the Job,Personal Experience
Advice,Advising
Advice,Career
Advice,Education
Advice,Experience
Advice,Interpersonal
Advice,Preparation
Advice,Professional Skills
Advice,Training
Development,Challenges
Development,Education
Development,Experience
Development,Influence
Development,Teaching
Development,Trajectory
Diversity,Diversity
Graduate School,Advice
Graduate School,Application
Graduate School,Financial
Graduate School,General
Graduate School,Preparation
On the Job,Challenges
On the Job,Personal
On the Job,Professional
On the Job,Reflection
On the Job,Research
On the Job,Strategies
Rapport,Conversation
Rapport,Personal
Situations,Advice
Situations,Major
Situations,OffTopic