Background,About Me
JobSpecific,About the Job
Misconceptions,About the Job
Motivation,About the Job
Decisions,About the Job
Travel,About the Job
Military,About the Job
Opportunities,About the Job
STEM,About the Job
Lifestyle,Lifestyle
Impact,Lifestyle
Money,Lifestyle
Benefits,Lifestyle
Growth/learning,Lifestyle
Recognition,Lifestyle
Culture,Who Does it?
Colleagues,Who Does it?
Management,Who Does it?
Demographics,Who Does it?
Priorities,Who Does it?
Fit,What Does it Take?
Advice,What Does it Take?
Education,What Does it Take?
Skills,What Does it Take?
Training,What Does it Take?
Challenges,Challenges
Ethics,Challenges
Failure,Challenges
Conflict,Challenges
Risk,Challenges
Combat,Challenges
Mentor,Learning More
Resources,Learning More
Future,Learning More
Project,Other
Jargon,Other
Miscellaneous,Other
Negative,
Positive,
Navy,